,Page views,Site sessions,Unique visitors,Bounce rate,Avg. session duration
Page views,1.0,0.2811786716462518,0.29423079256855594,-0.33320253669954314,0.07391517759784948
Site sessions,0.2811786716462518,1.0,0.9795303921377714,0.10356539962753912,-0.20103623836493778
Unique visitors,0.29423079256855594,0.9795303921377714,1.0,0.1493461407920264,-0.14233596869997525
Bounce rate,-0.33320253669954314,0.10356539962753912,0.1493461407920264,1.0,0.0263196419906165
Avg. session duration,0.07391517759784948,-0.20103623836493778,-0.14233596869997525,0.0263196419906165,1.0
